<manifest><control namespace="PowerCAT" constructor="Spinner" version="1.0.14" display-name-key="Spinner" description-key="Spinner_desc" control-type="virtual" api-version="1.3.4"><property name="Theme" display-name-key="Theme" of-type="Multiple" usage="input" required="false" /><property name="Label" display-name-key="Label" of-type="SingleLine.Text" usage="input" required="false" /><property name="AccessibilityLabel" display-name-key="AccessibilityLabel" of-type="SingleLine.Text" usage="input" required="false" /><property name="BackgroundColor" default-value="#ffffff" display-name-key="BackgroundColor" of-type="SingleLine.Text" usage="input" /><property name="SpinnerSize" display-name-key="SpinnerSize" description-key="SpinnerSize" usage="input" of-type="Enum" required="true"><value name="xSmall" display-name-key="xSmall" description-key="xSmall">0</value><value name="Small" display-name-key="Small" description-key="Small">1</value><value name="Medium" display-name-key="Medium" description-key="Medium" default="true">2</value><value name="Large" display-name-key="Large" description-key="Large">3</value></property><property name="SpinnerAlignment" display-name-key="SpinnerAlignment" description-key="SpinnerAlignment" usage="input" of-type="Enum" required="true"><value name="Center" display-name-key="Center" description-key="Center" default="true">0</value><value name="Left" display-name-key="Left" description-key="Left">1</value><value name="Right" display-name-key="Right" description-key="Right">2</value></property><property name="LabelPosition" display-name-key="LabelPosition" description-key="LabelPosition" usage="input" of-type="Enum" required="true"><value name="Bottom" display-name-key="Bottom" description-key="Bottom" default="true">Bottom</value><value name="Top" display-name-key="Top" description-key="Top">Top</value><value name="Right" display-name-key="Right" description-key="Right">Right</value><value name="Left" display-name-key="Left" description-key="Left">Left</value></property><resources><code path="bundle.js" order="1" /><resx path="strings/Spinner.1033.resx" version="1.0.0" /><platform-library name="React" version="16.8.6" /><platform-library name="Fluent" version="8.29.0" /></resources><built-by name="pac" version="1.16.6" /></control></manifest>